country,cases,recovered,deaths,critical,tests
World,2330793,596482,160643,55265,0
China,82719,77029,4632,85,0
USA,738792,68269,39014,13551,3722145
Spain,194416,74797,20639,7371,930230
Italy,175925,44927,23227,2733,1305833
France,151793,35983,19323,5833,463662
Germany,143724,85400,4538,2922,1728357
UK,114217,0,15464,1559,460437
Turkey,82329,10453,1890,1894,598933
Iran,80868,55987,5031,3513,330137
Belgium,37183,8348,5453,1119,145997
Russia,36793,3057,313,8,1831892
Brazil,36722,14026,2361,6634,62985
Canada,33383,11207,1470,557,516216
Netherlands,31589,250,3601,1279,154911
Switzerland,27404,17100,1368,386,216400
Portugal,19685,610,687,228,235878
India,16365,2463,521,0,335123
Ireland,14758,77,571,294,90646
Austria,14671,10214,443,208,175932
Peru,14420,6684,348,117,135895
Sweden,13822,550,1511,1054,74600
Israel,13265,3456,164,164,187250
South Korea,10653,7937,232,55,546463
Japan,10296,1069,222,221,111325
Chile,9730,4035,126,360,108891
Ecuador,9022,1008,456,168,30922
Poland,8742,981,347,160,192960
Romania,8418,1730,421,248,90991
Saudi Arabia,8274,1329,92,78,150000
Pakistan,7638,1832,143,46,92548
Denmark,7242,3847,346,76,91437
Norway,7036,32,164,63,139668
Mexico,6875,2125,546,207,48365
Czech Republic,6606,1227,181,86,162533
Australia,6586,4167,70,55,406510
UAE,6302,1188,37,1,767000
Indonesia,6248,631,535,0,39422
Philippines,6087,516,397,1,56048
Serbia,5994,637,117,126,36028
Singapore,5992,740,11,23,94796
Malaysia,5305,3102,88,49,100794
Ukraine,5106,275,133,45,52534
Qatar,5008,510,8,37,60139
Belarus,4779,342,45,65,86813
Dominican Republic,4335,312,217,146,14373
Panama,4210,122,116,96,18559
Finland,3681,1700,90,70,55600
Colombia,3621,691,166,98,59002
Luxembourg,3537,601,72,32,33252
South Africa,3034,903,52,36,108021
Egypt,3032,701,224,0,55000
Argentina,2839,685,132,127,30942
Thailand,2733,1787,47,61,100498
Morocco,2685,314,137,1,13689
Algeria,2534,894,367,60,3359
Moldova,2378,391,57,80,9848
Greece,2235,269,110,67,53290
Bangladesh,2144,66,84,1,21307
Hungary,1834,231,172,60,43901
Croatia,1832,615,39,27,21647
Bahrain,1773,755,7,3,82568
Iceland,1760,1291,9,3,41091
Kuwait,1751,280,6,34,0
Kazakhstan,1615,377,17,22,100878
Iraq,1513,953,82,0,53955
Estonia,1512,162,38,11,39605
Uzbekistan,1490,194,5,8,136000
New Zealand,1422,867,11,3,79078
Azerbaijan,1373,590,18,21,86607
Slovenia,1317,190,70,27,40580
Bosnia and Herzegovina,1268,338,47,4,16868
Armenia,1248,523,20,30,11796
Lithuania,1239,228,33,14,58816
Oman,1180,176,6,3,0
North Macedonia,1170,164,49,15,11556
Slovakia,1089,213,11,10,40953
Hong Kong,1024,568,4,9,131786
Cameroon,1017,305,42,33,0
Cuba,986,227,32,15,25309
Afghanistan,933,112,30,0,0
Bulgaria,878,153,41,35,26417
Tunisia,866,43,37,33,14640
Ghana,834,99,9,4,60916
Cote d'Ivoire,801,239,8,0,0
Cyprus,761,79,12,8,32284
Djibouti,732,76,2,0,7486
Diamond Princess,712,644,13,7,0
Latvia,712,88,5,5,34697
Andorra,704,205,35,17,1673
Lebanon,672,99,21,30,20225
Costa Rica,655,97,4,10,10138
Niger,639,113,19,0,4715
Burkina Faso,565,321,36,0,0
Albania,548,302,26,5,5311
Nigeria,542,166,19,2,7153
Guinea,518,65,3,0,0
Uruguay,517,298,9,14,12478
Kyrgyzstan,506,130,5,5,26147
Bolivia,493,31,31,3,3569
Channel Islands,484,73,21,0,3320
Honduras,457,10,46,10,2396
San Marino,455,60,39,15,1605
Malta,426,99,3,4,23253
Palestine,418,69,2,0,17329
Jordan,413,269,7,5,20500
Reunion,407,237,0,4,0
Taiwan,398,178,6,0,52445
Georgia,388,86,4,6,5027
Senegal,350,211,3,1,0
Mauritius,325,180,9,3,9755
Congo,307,26,25,0,0
Montenegro,307,55,5,7,3874
Isle of Man,297,180,6,11,2414
Vietnam,268,201,0,8,206253
Kenya,262,60,12,2,10784
Sri Lanka,254,86,7,1,4768
Mayotte,254,117,4,6,1800
Guatemala,235,21,7,3,7200
Venezuela,227,117,9,4,299714
Mali,216,41,13,0,0
Paraguay,202,35,8,1,4950
El Salvador,190,43,7,1,10191
Faeroe Islands,184,173,0,0,5981
Martinique,163,73,12,11,0
Jamaica,163,25,5,0,1516
Guadeloupe,148,73,8,13,0
Tanzania,147,11,5,4,0
Rwanda,144,69,0,0,6237
Congo,143,11,6,0,0
Brunei,137,113,1,2,11254
Somalia,135,2,7,2,0
Gibraltar,132,111,0,1,1859
Cambodia,122,103,0,1,5768
Madagascar,120,35,0,1,2357
Trinidad and Tobago,114,21,8,0,1320
Gabon,108,7,1,0,572
Ethiopia,105,16,3,1,6890
Myanmar,98,5,5,0,4065
Aruba,96,44,2,4,1358
French Guiana,96,64,0,2,0
Monaco,94,22,3,3,0
Togo,84,49,5,0,4191
Bermuda,83,35,5,9,552
Liechtenstein,79,55,1,0,900
Equatorial Guinea,79,4,0,0,854
Liberia,76,7,7,0,0
Barbados,75,17,5,4,1000
Sudan,66,6,10,0,0
Sint Maarten,64,12,9,6,163
Guyana,63,9,6,4,283
Cayman Islands,61,7,1,3,702
Cabo Verde,58,1,1,0,0
Zambia,57,33,2,1,2191
Bahamas,55,10,9,1,0
French Polynesia,55,2,0,1,1302
Uganda,55,22,0,0,11101
Libya,49,11,1,0,707
Guinea-Bissau,46,0,0,0,1500
Macao,45,16,0,1,0
Haiti,44,0,3,0,498
Eritrea,39,3,0,0,0
Syria,38,5,2,0,0
Saint Martin,37,19,2,5,0
Benin,35,18,1,0,0
Maldives,35,16,0,0,3714
Mozambique,35,4,0,0,952
Chad,33,8,0,0,0
Nepal,31,3,0,0,15800
Mongolia,31,5,0,0,1450
Sierra Leone,30,0,0,0,0
Zimbabwe,25,2,3,0,2626
Angola,24,6,2,0,0
Antigua and Barbuda,23,3,3,1,73
Eswatini,22,8,1,0,714
Laos,19,2,0,0,1318
Belize,18,0,2,1,651
New Caledonia,18,14,0,1,3399
Timor-Leste,18,1,0,0,0
Malawi,17,3,2,1,417
Fiji,17,0,0,0,0
Dominica,16,8,0,0,345
Namibia,16,6,0,0,499
Botswana,15,0,1,0,3602
Saint Lucia,15,11,0,0,344
Curaçao,14,11,1,0,286
Grenada,14,6,0,4,92
Saint Kitts and Nevis,14,0,0,0,234
CAR,12,4,0,0,0
St. Vincent Grenadines,12,1,0,0,87
Turks and Caicos,11,0,1,0,83
Falkland Islands,11,3,0,0,319
Greenland,11,11,0,0,1043
Montserrat,11,2,0,1,36
Seychelles,11,5,0,0,0
Suriname,10,6,1,0,0
MS Zaandam,9,0,2,0,0
Nicaragua,9,6,2,0,0
Gambia,9,2,1,0,316
Vatican City,8,2,0,0,0
Mauritania,7,6,1,0,913
Papua New Guinea,7,0,0,0,167
St. Barth,6,5,0,0,0
Western Sahara,6,0,0,0,0
Burundi,5,0,1,0,80
Bhutan,5,2,0,0,8107
British Virgin Islands,4,2,0,0,0
Sao Tome and Principe,4,0,0,0,19
South Sudan,4,0,0,0,0
Anguilla,3,1,0,0,0
Caribbean Netherlands,3,0,0,0,10
Saint Pierre Miquelon,1,0,0,0,0
Yemen,1,0,0,0,0
Total:,370784,176091,14401,6426,0
Total:,791406,82836,41537,14659,0
Total:,1060063,298699,99874,26386,0
Total:,77973,27692,3653,7532,0
Total:,8105,5050,81,60,0
Total:,21741,5470,1082,195,0
Total:,721,644,15,7,0
Total:,2330793,596482,160643,55265,0
